Node 184,<0.000000, 1799.175389, 0.000000>
Node 225,<0.000000, 1798.176658, 0.000000>
Node 265,<0.000000, 1797.162655, 0.000000>
Node 305,<0.000000, 1796.133329, 0.000000>
Node 345,<0.000000, 1795.088626, 0.000000>
Node 384,<0.000000, 1794.028490, 0.000000>
Node 423,<0.000000, 1792.952866, 0.000000>
Node 462,<0.000000, 1791.861696, 0.000000>
Node 500,<0.000000, 1790.754922, 0.000000>
Node 538,<0.000000, 1789.632485, 0.000000>
Node 575,<0.000000, 1788.494324, 0.000000>
Node 612,<0.000000, 1787.340379, 0.000000>
Node 649,<0.000000, 1786.170585, 0.000000>
Node 685,<0.000000, 1784.984878, 0.000000>
Node 721,<0.000000, 1783.783195, 0.000000>
Node 757,<0.000000, 1782.565467, 0.000000>
Node 792,<0.000000, 1781.331627, 0.000000>
Node 827,<0.000000, 1780.081607, 0.000000>
Node 862,<0.000000, 1778.815335, 0.000000>
Node 896,<0.000000, 1777.532741, 0.000000>
Node 930,<0.000000, 1776.233750, 0.000000>
Node 964,<0.000000, 1774.918289, 0.000000>
Node 997,<0.000000, 1773.586282, 0.000000>
Node 1030,<0.000000, 1772.237651, 0.000000>
Node 1063,<0.000000, 1770.872317, 0.000000>
Node 1095,<0.000000, 1769.490202, 0.000000>
Node 1127,<0.000000, 1768.091221, 0.000000>
Node 1159,<0.000000, 1766.675294, 0.000000>
Node 1190,<0.000000, 1765.242333, 0.000000>
Node 1221,<0.000000, 1763.792254, 0.000000>
Node 1251,<0.000000, 1762.324969, 0.000000>
Node 1281,<0.000000, 1760.840386, 0.000000>
Node 1311,<0.000000, 1759.338416, 0.000000>
Node 1340,<0.000000, 1757.818964, 0.000000>
Node 1369,<0.000000, 1756.281936, 0.000000>
Node 1398,<0.000000, 1754.727236, 0.000000>
Node 1426,<0.000000, 1753.154764, 0.000000>
Node 1454,<0.000000, 1751.564420, 0.000000>
Node 1482,<0.000000, 1749.956102, 0.000000>
Node 1509,<0.000000, 1748.329706, 0.000000>
Node 1536,<0.000000, 1746.685126, 0.000000>
Node 1563,<0.000000, 1745.022252, 0.000000>
Node 1589,<0.000000, 1743.340975, 0.000000>
Node 1615,<0.000000, 1741.641183, 0.000000>
Node 1641,<0.000000, 1739.922759, 0.000000>
Node 1666,<0.000000, 1738.185589, 0.000000>
Node 1691,<0.000000, 1736.429551, 0.000000>
Node 1716,<0.000000, 1734.654526, 0.000000>
Node 1740,<0.000000, 1732.860388, 0.000000>
Node 1764,<0.000000, 1731.047013, 0.000000>
Node 1787,<0.000000, 1729.214270, 0.000000>
Node 1810,<0.000000, 1727.362029, 0.000000>
Node 1833,<0.000000, 1725.490155, 0.000000>
Node 1855,<0.000000, 1723.598512, 0.000000>
Node 1877,<0.000000, 1721.686961, 0.000000>
Node 1899,<0.000000, 1719.755359, 0.000000>
Node 1920,<0.000000, 1717.803561, 0.000000>
Node 1941,<0.000000, 1715.831420, 0.000000>
Node 1962,<0.000000, 1713.838785, 0.000000>
Node 1982,<0.000000, 1711.825500, 0.000000>
Node 2002,<0.000000, 1709.791410, 0.000000>
Node 2022,<0.000000, 1707.736354, 0.000000>
Node 2041,<0.000000, 1705.660167, 0.000000>
Node 2060,<0.000000, 1703.562683, 0.000000>
Node 2079,<0.000000, 1701.443730, 0.000000>
Node 2097,<0.000000, 1699.303135, 0.000000>
Node 2115,<0.000000, 1697.140719, 0.000000>
Node 2133,<0.000000, 1694.956301, 0.000000>
Node 2150,<0.000000, 1692.749694, 0.000000>
Node 2167,<0.000000, 1690.520710, 0.000000>
Node 2183,<0.000000, 1688.269153, 0.000000>
Node 2199,<0.000000, 1685.994825, 0.000000>
Node 2215,<0.000000, 1683.697525, 0.000000>
Node 2230,<0.000000, 1681.377045, 0.000000>
Node 2245,<0.000000, 1679.033174, 0.000000>
Node 2260,<0.000000, 1676.665695, 0.000000>
Node 2274,<0.000000, 1674.274386, 0.000000>
Node 2288,<0.000000, 1671.859022, 0.000000>
Node 2302,<0.000000, 1669.419370, 0.000000>
Node 2315,<0.000000, 1666.955194, 0.000000>
Node 2328,<0.000000, 1664.466252, 0.000000>
Node 2341,<0.000000, 1661.952295, 0.000000>
Node 2353,<0.000000, 1659.413070, 0.000000>
Node 2365,<0.000000, 1656.848315, 0.000000>
Node 2377,<0.000000, 1654.257766, 0.000000>
Node 2388,<0.000000, 1651.641149, 0.000000>
Node 2399,<0.000000, 1648.998184, 0.000000>
Node 3022,<0.000000, 1799.175389, 0.000000>
Node 3063,<0.000000, 1798.176658, 0.000000>
Node 3103,<0.000000, 1797.162655, 0.000000>
Node 3143,<0.000000, 1796.133329, 0.000000>
Node 3183,<0.000000, 1795.088626, 0.000000>
Node 3222,<0.000000, 1794.028490, 0.000000>
Node 3261,<0.000000, 1792.952866, 0.000000>
Node 3300,<0.000000, 1791.861696, 0.000000>
Node 3338,<0.000000, 1790.754922, 0.000000>
Node 3376,<0.000000, 1789.632485, 0.000000>
Node 3413,<0.000000, 1788.494324, 0.000000>
Node 3450,<0.000000, 1787.340379, 0.000000>
Node 3487,<0.000000, 1786.170585, 0.000000>
Node 3523,<0.000000, 1784.984878, 0.000000>
Node 3559,<0.000000, 1783.783195, 0.000000>
Node 3595,<0.000000, 1782.565467, 0.000000>
Node 3630,<0.000000, 1781.331627, 0.000000>
Node 3665,<0.000000, 1780.081607, 0.000000>
Node 3700,<0.000000, 1778.815335, 0.000000>
Node 3734,<0.000000, 1777.532741, 0.000000>
Node 3768,<0.000000, 1776.233750, 0.000000>
Node 3802,<0.000000, 1774.918289, 0.000000>
Node 3835,<0.000000, 1773.586282, 0.000000>
Node 3868,<0.000000, 1772.237651, 0.000000>
Node 3901,<0.000000, 1770.872317, 0.000000>
Node 3933,<0.000000, 1769.490202, 0.000000>
Node 3965,<0.000000, 1768.091221, 0.000000>
Node 3997,<0.000000, 1766.675294, 0.000000>
Node 4028,<0.000000, 1765.242333, 0.000000>
Node 4059,<0.000000, 1763.792254, 0.000000>
Node 4089,<0.000000, 1762.324969, 0.000000>
Node 4119,<0.000000, 1760.840386, 0.000000>
Node 4149,<0.000000, 1759.338416, 0.000000>
Node 4178,<0.000000, 1757.818964, 0.000000>
Node 4207,<0.000000, 1756.281936, 0.000000>
Node 4236,<0.000000, 1754.727236, 0.000000>
Node 4264,<0.000000, 1753.154764, 0.000000>
Node 4292,<0.000000, 1751.564420, 0.000000>
Node 4320,<0.000000, 1749.956102, 0.000000>
Node 4347,<0.000000, 1748.329706, 0.000000>
Node 4374,<0.000000, 1746.685126, 0.000000>
Node 4401,<0.000000, 1745.022252, 0.000000>
Node 4427,<0.000000, 1743.340975, 0.000000>
Node 4453,<0.000000, 1741.641183, 0.000000>
Node 4479,<0.000000, 1739.922759, 0.000000>
Node 4504,<0.000000, 1738.185589, 0.000000>
Node 4529,<0.000000, 1736.429551, 0.000000>
Node 4554,<0.000000, 1734.654526, 0.000000>
Node 4578,<0.000000, 1732.860388, 0.000000>
Node 4602,<0.000000, 1731.047013, 0.000000>
Node 4625,<0.000000, 1729.214270, 0.000000>
Node 4648,<0.000000, 1727.362029, 0.000000>
Node 4671,<0.000000, 1725.490155, 0.000000>
Node 4693,<0.000000, 1723.598512, 0.000000>
Node 4715,<0.000000, 1721.686961, 0.000000>
Node 4737,<0.000000, 1719.755359, 0.000000>
Node 4758,<0.000000, 1717.803561, 0.000000>
Node 4779,<0.000000, 1715.831420, 0.000000>
Node 4800,<0.000000, 1713.838785, 0.000000>
Node 4820,<0.000000, 1711.825500, 0.000000>
Node 4840,<0.000000, 1709.791410, 0.000000>
Node 4860,<0.000000, 1707.736354, 0.000000>
Node 4879,<0.000000, 1705.660167, 0.000000>
Node 4898,<0.000000, 1703.562683, 0.000000>
Node 4917,<0.000000, 1701.443730, 0.000000>
Node 4935,<0.000000, 1699.303135, 0.000000>
Node 4953,<0.000000, 1697.140719, 0.000000>
Node 4971,<0.000000, 1694.956301, 0.000000>
Node 4988,<0.000000, 1692.749694, 0.000000>
Node 5005,<0.000000, 1690.520710, 0.000000>
Node 5021,<0.000000, 1688.269153, 0.000000>
Node 5037,<0.000000, 1685.994825, 0.000000>
Node 5053,<0.000000, 1683.697525, 0.000000>
Node 5068,<0.000000, 1681.377045, 0.000000>
Node 5083,<0.000000, 1679.033174, 0.000000>
Node 5098,<0.000000, 1676.665695, 0.000000>
Node 5112,<0.000000, 1674.274386, 0.000000>
Node 5126,<0.000000, 1671.859022, 0.000000>
Node 5140,<0.000000, 1669.419370, 0.000000>
Node 5153,<0.000000, 1666.955194, 0.000000>
Node 5166,<0.000000, 1664.466252, 0.000000>
Node 5179,<0.000000, 1661.952295, 0.000000>
Node 5191,<0.000000, 1659.413070, 0.000000>
Node 5203,<0.000000, 1656.848315, 0.000000>
Node 5215,<0.000000, 1654.257766, 0.000000>
Node 5226,<0.000000, 1651.641149, 0.000000>
Node 5237,<0.000000, 1648.998184, 0.000000>
