1,-1,1
2,5,1
3,6,1
4,7,1
5,8,1
6,9,1
7,10,1
8,11,1
9,12,1
10,13,1
11,14,1
12,15,1
13,16,1
14,17,1
15,18,1
16,19,1
17,20,1
18,21,1
19,22,1
20,23,1
21,24,1
22,25,1
23,26,1
24,27,1
25,28,1
26,29,1
27,30,1
28,31,1
29,32,1
30,33,1
31,34,1
32,35,1
33,36,1
34,37,1
35,38,1
36,39,1
37,40,1
38,41,1
39,42,1
40,43,1
41,44,1
42,45,1
43,46,1
44,47,1
45,48,1
46,49,1
47,50,1
48,51,1
49,52,1
50,53,1
51,54,1
52,55,1
53,56,1
54,57,1
55,58,1
56,59,1
57,60,1
58,61,1
59,62,1
60,63,1
61,64,1
62,65,1
63,66,1
64,67,1
65,68,1
66,69,1
67,70,1
68,71,1
69,72,1
70,73,1
71,74,1
72,75,1
73,76,1
74,77,1
75,78,1
76,79,1
77,80,1
78,81,1
79,82,1
80,83,1
81,84,1
82,85,1
83,86,1
84,87,1
85,88,1
86,89,1
87,90,1
88,91,1
89,-1,2
90,5,2
91,6,2
92,7,2
93,8,2
94,9,2
95,10,2
96,11,2
97,12,2
98,13,2
99,14,2
100,15,2
101,16,2
102,17,2
103,18,2
104,19,2
105,20,2
106,21,2
107,22,2
108,23,2
109,24,2
110,25,2
111,26,2
112,27,2
113,28,2
114,29,2
115,30,2
116,31,2
117,32,2
118,33,2
119,34,2
120,35,2
121,36,2
122,37,2
123,38,2
124,39,2
125,40,2
126,41,2
127,42,2
128,43,2
129,44,2
130,45,2
131,46,2
132,47,2
133,48,2
134,49,2
135,50,2
136,51,2
137,52,2
138,53,2
139,54,2
140,55,2
141,56,2
142,57,2
143,58,2
144,59,2
145,60,2
146,61,2
147,62,2
148,63,2
149,64,2
150,65,2
151,66,2
152,67,2
153,68,2
154,69,2
155,70,2
156,71,2
157,72,2
158,73,2
159,74,2
160,75,2
161,76,2
162,77,2
163,78,2
164,79,2
165,80,2
166,81,2
167,82,2
168,83,2
169,84,2
170,85,2
171,86,2
172,87,2
173,88,2
174,89,2
175,90,2
176,91,2
177,-1,3
178,5,3
179,6,3
180,7,3
181,8,3
182,9,3
183,10,3
184,11,3
185,12,3
186,13,3
187,14,3
188,15,3
189,16,3
190,17,3
191,18,3
192,19,3
193,20,3
194,21,3
195,22,3
196,23,3
197,24,3
198,25,3
199,26,3
200,27,3
201,28,3
202,29,3
203,30,3
204,31,3
205,32,3
206,33,3
207,34,3
208,35,3
209,36,3
210,37,3
211,38,3
212,39,3
213,40,3
214,41,3
215,42,3
216,43,3
217,44,3
218,45,3
219,46,3
220,47,3
221,48,3
222,49,3
223,50,3
224,51,3
225,52,3
226,53,3
227,54,3
228,55,3
229,56,3
230,57,3
231,58,3
232,59,3
233,60,3
234,61,3
235,62,3
236,63,3
237,64,3
238,65,3
239,66,3
240,67,3
241,68,3
242,69,3
243,70,3
244,71,3
245,72,3
246,73,3
247,74,3
248,75,3
249,76,3
250,77,3
251,78,3
252,79,3
253,80,3
254,81,3
255,82,3
256,83,3
257,84,3
258,85,3
259,86,3
260,87,3
261,88,3
262,89,3
263,90,3
264,91,3
265,-1,4
266,5,4
267,6,4
268,7,4
269,8,4
270,9,4
271,10,4
272,11,4
273,12,4
274,13,4
275,14,4
276,15,4
277,16,4
278,17,4
279,18,4
280,19,4
281,20,4
282,21,4
283,22,4
284,23,4
285,24,4
286,25,4
287,26,4
288,27,4
289,28,4
290,29,4
291,30,4
292,31,4
293,32,4
294,33,4
295,34,4
296,35,4
297,36,4
298,37,4
299,38,4
300,39,4
301,40,4
302,41,4
303,42,4
304,43,4
305,44,4
306,45,4
307,46,4
308,47,4
309,48,4
310,49,4
311,50,4
312,51,4
313,52,4
314,53,4
315,54,4
316,55,4
317,56,4
318,57,4
319,58,4
320,59,4
321,60,4
322,61,4
323,62,4
324,63,4
325,64,4
326,65,4
327,66,4
328,67,4
329,68,4
330,69,4
331,70,4
332,71,4
333,72,4
334,73,4
335,74,4
336,75,4
337,76,4
338,77,4
339,78,4
340,79,4
341,80,4
342,81,4
343,82,4
344,83,4
345,84,4
346,85,4
347,86,4
348,87,4
349,88,4
350,89,4
351,90,4
352,91,4
353,-1,5
354,5,5
355,6,5
356,7,5
357,8,5
358,9,5
359,10,5
360,11,5
361,12,5
362,13,5
363,14,5
364,15,5
365,16,5
366,17,5
367,18,5
368,19,5
369,20,5
370,21,5
371,22,5
372,23,5
373,24,5
374,25,5
375,26,5
376,27,5
377,28,5
378,29,5
379,30,5
380,31,5
381,32,5
382,33,5
383,34,5
384,35,5
385,36,5
386,37,5
387,38,5
388,39,5
389,40,5
390,41,5
391,42,5
392,43,5
393,44,5
394,45,5
395,46,5
396,47,5
397,48,5
398,49,5
399,50,5
400,51,5
401,52,5
402,53,5
403,54,5
404,55,5
405,56,5
406,57,5
407,58,5
408,59,5
409,60,5
410,61,5
411,62,5
412,63,5
413,64,5
414,65,5
415,66,5
416,67,5
417,68,5
418,69,5
419,70,5
420,71,5
421,72,5
422,73,5
423,74,5
424,75,5
425,76,5
426,77,5
427,78,5
428,79,5
429,80,5
430,81,5
431,82,5
432,83,5
433,84,5
434,85,5
435,86,5
436,87,5
437,88,5
438,89,5
439,90,5
440,91,5
441,-1,6
442,5,6
443,6,6
444,7,6
445,8,6
446,9,6
447,10,6
448,11,6
449,12,6
450,13,6
451,14,6
452,15,6
453,16,6
454,17,6
455,18,6
456,19,6
457,20,6
458,21,6
459,22,6
460,23,6
461,24,6
462,25,6
463,26,6
464,27,6
465,28,6
466,29,6
467,30,6
468,31,6
469,32,6
470,33,6
471,34,6
472,35,6
473,36,6
474,37,6
475,38,6
476,39,6
477,40,6
478,41,6
479,42,6
480,43,6
481,44,6
482,45,6
483,46,6
484,47,6
485,48,6
486,49,6
487,50,6
488,51,6
489,52,6
490,53,6
491,54,6
492,55,6
493,56,6
494,57,6
495,58,6
496,59,6
497,60,6
498,61,6
499,62,6
500,63,6
501,64,6
502,65,6
503,66,6
504,67,6
505,68,6
506,69,6
507,70,6
508,71,6
509,72,6
510,73,6
511,74,6
512,75,6
513,76,6
514,77,6
515,78,6
516,79,6
517,80,6
518,81,6
519,82,6
520,83,6
521,84,6
522,85,6
523,86,6
524,87,6
525,88,6
526,89,6
527,90,6
528,91,6
529,-1,7
530,4,7
531,5,7
532,6,7
533,7,7
534,8,7
535,9,7
536,10,7
537,11,7
538,12,7
539,13,7
540,14,7
541,15,7
542,16,7
543,17,7
544,18,7
545,19,7
546,20,7
547,21,7
548,22,7
549,23,7
550,24,7
551,25,7
552,26,7
553,27,7
554,28,7
555,29,7
556,30,7
557,31,7
558,32,7
559,33,7
560,34,7
561,35,7
562,36,7
563,37,7
564,38,7
565,39,7
566,40,7
567,41,7
568,42,7
569,43,7
570,44,7
571,45,7
572,46,7
573,47,7
574,48,7
575,49,7
576,50,7
577,51,7
578,52,7
579,53,7
580,54,7
581,55,7
582,56,7
583,57,7
584,58,7
585,59,7
586,60,7
587,61,7
588,62,7
589,63,7
590,64,7
591,65,7
592,66,7
593,67,7
594,68,7
595,69,7
596,70,7
597,71,7
598,72,7
599,73,7
600,74,7
601,75,7
602,76,7
603,77,7
604,78,7
605,79,7
606,80,7
607,81,7
608,82,7
609,83,7
610,84,7
611,85,7
612,86,7
613,87,7
614,88,7
615,89,7
616,90,7
617,91,7
618,-1,8
619,4,8
620,5,8
621,6,8
622,7,8
623,8,8
624,9,8
625,10,8
626,11,8
627,12,8
628,13,8
629,14,8
630,15,8
631,16,8
632,17,8
633,18,8
634,19,8
635,20,8
636,21,8
637,22,8
638,23,8
639,24,8
640,25,8
641,26,8
642,27,8
643,28,8
644,29,8
645,30,8
646,31,8
647,32,8
648,33,8
649,34,8
650,35,8
651,36,8
652,37,8
653,38,8
654,39,8
655,40,8
656,41,8
657,42,8
658,43,8
659,44,8
660,45,8
661,46,8
662,47,8
663,48,8
664,49,8
665,50,8
666,51,8
667,52,8
668,53,8
669,54,8
670,55,8
671,56,8
672,57,8
673,58,8
674,59,8
675,60,8
676,61,8
677,62,8
678,63,8
679,64,8
680,65,8
681,66,8
682,67,8
683,68,8
684,69,8
685,70,8
686,71,8
687,72,8
688,73,8
689,74,8
690,75,8
691,76,8
692,77,8
693,78,8
694,79,8
695,80,8
696,81,8
697,82,8
698,83,8
699,84,8
700,85,8
701,86,8
702,87,8
703,88,8
704,89,8
705,90,8
706,91,8
707,-1,9
708,4,9
709,5,9
710,6,9
711,7,9
712,8,9
713,9,9
714,10,9
715,11,9
716,12,9
717,13,9
718,14,9
719,15,9
720,16,9
721,17,9
722,18,9
723,19,9
724,20,9
725,21,9
726,22,9
727,23,9
728,24,9
729,25,9
730,26,9
731,27,9
732,28,9
733,29,9
734,30,9
735,31,9
736,32,9
737,33,9
738,34,9
739,35,9
740,36,9
741,37,9
742,38,9
743,39,9
744,40,9
745,41,9
746,42,9
747,43,9
748,44,9
749,45,9
750,46,9
751,47,9
752,48,9
753,49,9
754,50,9
755,51,9
756,52,9
757,53,9
758,54,9
759,55,9
760,56,9
761,57,9
762,58,9
763,59,9
764,60,9
765,61,9
766,62,9
767,63,9
768,64,9
769,65,9
770,66,9
771,67,9
772,68,9
773,69,9
774,70,9
775,71,9
776,72,9
777,73,9
778,74,9
779,75,9
780,76,9
781,77,9
782,78,9
783,79,9
784,80,9
785,81,9
786,82,9
787,83,9
788,84,9
789,85,9
790,86,9
791,87,9
792,88,9
793,89,9
794,90,9
795,91,9
796,-1,10
797,4,10
798,5,10
799,6,10
800,7,10
801,8,10
802,9,10
803,10,10
804,11,10
805,12,10
806,13,10
807,14,10
808,15,10
809,16,10
810,17,10
811,18,10
812,19,10
813,20,10
814,21,10
815,22,10
816,23,10
817,24,10
818,25,10
819,26,10
820,27,10
821,28,10
822,29,10
823,30,10
824,31,10
825,32,10
826,33,10
827,34,10
828,35,10
829,36,10
830,37,10
831,38,10
832,39,10
833,40,10
834,41,10
835,42,10
836,43,10
837,44,10
838,45,10
839,46,10
840,47,10
841,48,10
842,49,10
843,50,10
844,51,10
845,52,10
846,53,10
847,54,10
848,55,10
849,56,10
850,57,10
851,58,10
852,59,10
853,60,10
854,61,10
855,62,10
856,63,10
857,64,10
858,65,10
859,66,10
860,67,10
861,68,10
862,69,10
863,70,10
864,71,10
865,72,10
866,73,10
867,74,10
868,75,10
869,76,10
870,77,10
871,78,10
872,79,10
873,80,10
874,81,10
875,82,10
876,83,10
877,84,10
878,85,10
879,86,10
880,87,10
881,88,10
882,89,10
883,-2,10
884,-1,11
885,4,11
886,5,11
887,6,11
888,7,11
889,8,11
890,9,11
891,10,11
892,11,11
893,12,11
894,13,11
895,14,11
896,15,11
897,16,11
898,17,11
899,18,11
900,19,11
901,20,11
902,21,11
903,22,11
904,23,11
905,24,11
906,25,11
907,26,11
908,27,11
909,28,11
910,29,11
911,30,11
912,31,11
913,32,11
914,33,11
915,34,11
916,35,11
917,36,11
918,37,11
919,38,11
920,39,11
921,40,11
922,41,11
923,42,11
924,43,11
925,44,11
926,45,11
927,46,11
928,47,11
929,48,11
930,49,11
931,50,11
932,51,11
933,52,11
934,53,11
935,54,11
936,55,11
937,56,11
938,57,11
939,58,11
940,59,11
941,60,11
942,61,11
943,62,11
944,63,11
945,64,11
946,65,11
947,66,11
948,67,11
949,68,11
950,69,11
951,70,11
952,71,11
953,72,11
954,73,11
955,74,11
956,75,11
957,76,11
958,77,11
959,78,11
960,79,11
961,80,11
962,81,11
963,82,11
964,83,11
965,84,11
966,85,11
967,86,11
968,-2,11
969,-1,12
970,4,12
971,5,12
972,6,12
973,7,12
974,8,12
975,9,12
976,10,12
977,11,12
978,12,12
979,13,12
980,14,12
981,15,12
982,16,12
983,17,12
984,18,12
985,19,12
986,20,12
987,21,12
988,22,12
989,23,12
990,24,12
991,25,12
992,26,12
993,27,12
994,28,12
995,29,12
996,30,12
997,31,12
998,32,12
999,33,12
1000,34,12
1001,35,12
1002,36,12
1003,37,12
1004,38,12
1005,39,12
1006,40,12
1007,41,12
1008,42,12
1009,43,12
1010,44,12
1011,45,12
1012,46,12
1013,47,12
1014,48,12
1015,49,12
1016,50,12
1017,51,12
1018,52,12
1019,53,12
1020,54,12
1021,55,12
1022,56,12
1023,57,12
1024,58,12
1025,59,12
1026,60,12
1027,61,12
1028,62,12
1029,63,12
1030,64,12
1031,65,12
1032,66,12
1033,67,12
1034,68,12
1035,69,12
1036,70,12
1037,71,12
1038,72,12
1039,73,12
1040,74,12
1041,75,12
1042,76,12
1043,77,12
1044,78,12
1045,79,12
1046,80,12
1047,81,12
1048,82,12
1049,83,12
1050,-2,12
1051,-1,13
1052,3,13
1053,4,13
1054,5,13
1055,6,13
1056,7,13
1057,8,13
1058,9,13
1059,10,13
1060,11,13
1061,12,13
1062,13,13
1063,14,13
1064,15,13
1065,16,13
1066,17,13
1067,18,13
1068,19,13
1069,20,13
1070,21,13
1071,22,13
1072,23,13
1073,24,13
1074,25,13
1075,26,13
1076,27,13
1077,28,13
1078,29,13
1079,30,13
1080,31,13
1081,32,13
1082,33,13
1083,34,13
1084,35,13
1085,36,13
1086,37,13
1087,38,13
1088,39,13
1089,40,13
1090,41,13
1091,42,13
1092,43,13
1093,44,13
1094,45,13
1095,46,13
1096,47,13
1097,48,13
1098,49,13
1099,50,13
1100,51,13
1101,52,13
1102,53,13
1103,54,13
1104,55,13
1105,56,13
1106,57,13
1107,58,13
1108,59,13
1109,60,13
1110,61,13
1111,62,13
1112,63,13
1113,64,13
1114,65,13
1115,66,13
1116,67,13
1117,68,13
1118,69,13
1119,70,13
1120,71,13
1121,72,13
1122,73,13
1123,74,13
1124,75,13
1125,76,13
1126,77,13
1127,78,13
1128,79,13
1129,80,13
1130,81,13
1131,-2,13
1132,-1,14
1133,3,14
1134,4,14
1135,5,14
1136,6,14
1137,7,14
1138,8,14
1139,9,14
1140,10,14
1141,11,14
1142,12,14
1143,13,14
1144,14,14
1145,15,14
1146,16,14
1147,17,14
1148,18,14
1149,19,14
1150,20,14
1151,21,14
1152,22,14
1153,23,14
1154,24,14
1155,25,14
1156,26,14
1157,27,14
1158,28,14
1159,29,14
1160,30,14
1161,31,14
1162,32,14
1163,33,14
1164,34,14
1165,35,14
1166,36,14
1167,37,14
1168,38,14
1169,39,14
1170,40,14
1171,41,14
1172,42,14
1173,43,14
1174,44,14
1175,45,14
1176,46,14
1177,47,14
1178,48,14
1179,49,14
1180,50,14
1181,51,14
1182,52,14
1183,53,14
1184,54,14
1185,55,14
1186,56,14
1187,57,14
1188,58,14
1189,59,14
1190,60,14
1191,61,14
1192,62,14
1193,63,14
1194,64,14
1195,65,14
1196,66,14
1197,67,14
1198,68,14
1199,69,14
1200,70,14
1201,71,14
1202,72,14
1203,73,14
1204,74,14
1205,75,14
1206,76,14
1207,77,14
1208,78,14
1209,-2,14
1210,-1,15
1211,3,15
1212,4,15
1213,5,15
1214,6,15
1215,7,15
1216,8,15
1217,9,15
1218,10,15
1219,11,15
1220,12,15
1221,13,15
1222,14,15
1223,15,15
1224,16,15
1225,17,15
1226,18,15
1227,19,15
1228,20,15
1229,21,15
1230,22,15
1231,23,15
1232,24,15
1233,25,15
1234,26,15
1235,27,15
1236,28,15
1237,29,15
1238,30,15
1239,31,15
1240,32,15
1241,33,15
1242,34,15
1243,35,15
1244,36,15
1245,37,15
1246,38,15
1247,39,15
1248,40,15
1249,41,15
1250,42,15
1251,43,15
1252,44,15
1253,45,15
1254,46,15
1255,47,15
1256,48,15
1257,49,15
1258,50,15
1259,51,15
1260,52,15
1261,53,15
1262,54,15
1263,55,15
1264,56,15
1265,57,15
1266,58,15
1267,59,15
1268,60,15
1269,61,15
1270,62,15
1271,63,15
1272,64,15
1273,65,15
1274,66,15
1275,67,15
1276,68,15
1277,69,15
1278,70,15
1279,71,15
1280,72,15
1281,73,15
1282,74,15
1283,75,15
1284,-2,15
1285,-1,16
1286,3,16
1287,4,16
1288,5,16
1289,6,16
1290,7,16
1291,8,16
1292,9,16
1293,10,16
1294,11,16
1295,12,16
1296,13,16
1297,14,16
1298,15,16
1299,16,16
1300,17,16
1301,18,16
1302,19,16
1303,20,16
1304,21,16
1305,22,16
1306,23,16
1307,24,16
1308,25,16
1309,26,16
1310,27,16
1311,28,16
1312,29,16
1313,30,16
1314,31,16
1315,32,16
1316,33,16
1317,34,16
1318,35,16
1319,36,16
1320,37,16
1321,38,16
1322,39,16
1323,40,16
1324,41,16
1325,42,16
1326,43,16
1327,44,16
1328,45,16
1329,46,16
1330,47,16
1331,48,16
1332,49,16
1333,50,16
1334,51,16
1335,52,16
1336,53,16
1337,54,16
1338,55,16
1339,56,16
1340,57,16
1341,58,16
1342,59,16
1343,60,16
1344,61,16
1345,62,16
1346,63,16
1347,64,16
1348,65,16
1349,66,16
1350,67,16
1351,68,16
1352,69,16
1353,70,16
1354,71,16
1355,72,16
1356,73,16
1357,-2,16
1358,-1,17
1359,3,17
1360,4,17
1361,5,17
1362,6,17
1363,7,17
1364,8,17
1365,9,17
1366,10,17
1367,11,17
1368,12,17
1369,13,17
1370,14,17
1371,15,17
1372,16,17
1373,17,17
1374,18,17
1375,19,17
1376,20,17
1377,21,17
1378,22,17
1379,23,17
1380,24,17
1381,25,17
1382,26,17
1383,27,17
1384,28,17
1385,29,17
1386,30,17
1387,31,17
1388,32,17
1389,33,17
1390,34,17
1391,35,17
1392,36,17
1393,37,17
1394,38,17
1395,39,17
1396,40,17
1397,41,17
1398,42,17
1399,43,17
1400,44,17
1401,45,17
1402,46,17
1403,47,17
1404,48,17
1405,49,17
1406,50,17
1407,51,17
1408,52,17
1409,53,17
1410,54,17
1411,55,17
1412,56,17
1413,57,17
1414,58,17
1415,59,17
1416,60,17
1417,61,17
1418,62,17
1419,63,17
1420,64,17
1421,65,17
1422,66,17
1423,67,17
1424,68,17
1425,69,17
1426,70,17
1427,-2,17
1428,-1,18
1429,3,18
1430,4,18
1431,5,18
1432,6,18
1433,7,18
1434,8,18
1435,9,18
1436,10,18
1437,11,18
1438,12,18
1439,13,18
1440,14,18
1441,15,18
1442,16,18
1443,17,18
1444,18,18
1445,19,18
1446,20,18
1447,21,18
1448,22,18
1449,23,18
1450,24,18
1451,25,18
1452,26,18
1453,27,18
1454,28,18
1455,29,18
1456,30,18
1457,31,18
1458,32,18
1459,33,18
1460,34,18
1461,35,18
1462,36,18
1463,37,18
1464,38,18
1465,39,18
1466,40,18
1467,41,18
1468,42,18
1469,43,18
1470,44,18
1471,45,18
1472,46,18
1473,47,18
1474,48,18
1475,49,18
1476,50,18
1477,51,18
1478,52,18
1479,53,18
1480,54,18
1481,55,18
1482,56,18
1483,57,18
1484,58,18
1485,59,18
1486,60,18
1487,61,18
1488,62,18
1489,63,18
1490,64,18
1491,65,18
1492,66,18
1493,67,18
1494,-2,18
1495,-1,19
1496,2,19
1497,3,19
1498,4,19
1499,5,19
1500,6,19
1501,7,19
1502,8,19
1503,9,19
1504,10,19
1505,11,19
1506,12,19
1507,13,19
1508,14,19
1509,15,19
1510,16,19
1511,17,19
1512,18,19
1513,19,19
1514,20,19
1515,21,19
1516,22,19
1517,23,19
1518,24,19
1519,25,19
1520,26,19
1521,27,19
1522,28,19
1523,29,19
1524,30,19
1525,31,19
1526,32,19
1527,33,19
1528,34,19
1529,35,19
1530,36,19
1531,37,19
1532,38,19
1533,39,19
1534,40,19
1535,41,19
1536,42,19
1537,43,19
1538,44,19
1539,45,19
1540,46,19
1541,47,19
1542,48,19
1543,49,19
1544,50,19
1545,51,19
1546,52,19
1547,53,19
1548,54,19
1549,55,19
1550,56,19
1551,57,19
1552,58,19
1553,59,19
1554,60,19
1555,61,19
1556,62,19
1557,63,19
1558,64,19
1559,65,19
1560,-2,19
1561,-1,20
1562,2,20
1563,3,20
1564,4,20
1565,5,20
1566,6,20
1567,7,20
1568,8,20
1569,9,20
1570,10,20
1571,11,20
1572,12,20
1573,13,20
1574,14,20
1575,15,20
1576,16,20
1577,17,20
1578,18,20
1579,19,20
1580,20,20
1581,21,20
1582,22,20
1583,23,20
1584,24,20
1585,25,20
1586,26,20
1587,27,20
1588,28,20
1589,29,20
1590,30,20
1591,31,20
1592,32,20
1593,33,20
1594,34,20
1595,35,20
1596,36,20
1597,37,20
1598,38,20
1599,39,20
1600,40,20
1601,41,20
1602,42,20
1603,43,20
1604,44,20
1605,45,20
1606,46,20
1607,47,20
1608,48,20
1609,49,20
1610,50,20
1611,51,20
1612,52,20
1613,53,20
1614,54,20
1615,55,20
1616,56,20
1617,57,20
1618,58,20
1619,59,20
1620,60,20
1621,61,20
1622,62,20
1623,-2,20
1624,-1,21
1625,2,21
1626,3,21
1627,4,21
1628,5,21
1629,6,21
1630,7,21
1631,8,21
1632,9,21
1633,10,21
1634,11,21
1635,12,21
1636,13,21
1637,14,21
1638,15,21
1639,16,21
1640,17,21
1641,18,21
1642,19,21
1643,20,21
1644,21,21
1645,22,21
1646,23,21
1647,24,21
1648,25,21
1649,26,21
1650,27,21
1651,28,21
1652,29,21
1653,30,21
1654,31,21
1655,32,21
1656,33,21
1657,34,21
1658,35,21
1659,36,21
1660,37,21
1661,38,21
1662,39,21
1663,40,21
1664,41,21
1665,42,21
1666,43,21
1667,44,21
1668,45,21
1669,46,21
1670,47,21
1671,48,21
1672,49,21
1673,50,21
1674,51,21
1675,52,21
1676,53,21
1677,54,21
1678,55,21
1679,56,21
1680,57,21
1681,58,21
1682,59,21
1683,-2,21
1684,-1,22
1685,2,22
1686,3,22
1687,4,22
1688,5,22
1689,6,22
1690,7,22
1691,8,22
1692,9,22
1693,10,22
1694,11,22
1695,12,22
1696,13,22
1697,14,22
1698,15,22
1699,16,22
1700,17,22
1701,18,22
1702,19,22
1703,20,22
1704,21,22
1705,22,22
1706,23,22
1707,24,22
1708,25,22
1709,26,22
1710,27,22
1711,28,22
1712,29,22
1713,30,22
1714,31,22
1715,32,22
1716,33,22
1717,34,22
1718,35,22
1719,36,22
1720,37,22
1721,38,22
1722,39,22
1723,40,22
1724,41,22
1725,42,22
1726,43,22
1727,44,22
1728,45,22
1729,46,22
1730,47,22
1731,48,22
1732,49,22
1733,50,22
1734,51,22
1735,52,22
1736,53,22
1737,54,22
1738,55,22
1739,56,22
1740,57,22
1741,-2,22
1742,-1,23
1743,2,23
1744,3,23
1745,4,23
1746,5,23
1747,6,23
1748,7,23
1749,8,23
1750,9,23
1751,10,23
1752,11,23
1753,12,23
1754,13,23
1755,14,23
1756,15,23
1757,16,23
1758,17,23
1759,18,23
1760,19,23
1761,20,23
1762,21,23
1763,22,23
1764,23,23
1765,24,23
1766,25,23
1767,26,23
1768,27,23
1769,28,23
1770,29,23
1771,30,23
1772,31,23
1773,32,23
1774,33,23
1775,34,23
1776,35,23
1777,36,23
1778,37,23
1779,38,23
1780,39,23
1781,40,23
1782,41,23
1783,42,23
1784,43,23
1785,44,23
1786,45,23
1787,46,23
1788,47,23
1789,48,23
1790,49,23
1791,50,23
1792,51,23
1793,52,23
1794,53,23
1795,54,23
1796,-2,23
1797,-1,24
1798,2,24
1799,3,24
1800,4,24
1801,5,24
1802,6,24
1803,7,24
1804,8,24
1805,9,24
1806,10,24
1807,11,24
1808,12,24
1809,13,24
1810,14,24
1811,15,24
1812,16,24
1813,17,24
1814,18,24
1815,19,24
1816,20,24
1817,21,24
1818,22,24
1819,23,24
1820,24,24
1821,25,24
1822,26,24
1823,27,24
1824,28,24
1825,29,24
1826,30,24
1827,31,24
1828,32,24
1829,33,24
1830,34,24
1831,35,24
1832,36,24
1833,37,24
1834,38,24
1835,39,24
1836,40,24
1837,41,24
1838,42,24
1839,43,24
1840,44,24
1841,45,24
1842,46,24
1843,47,24
1844,48,24
1845,49,24
1846,50,24
1847,51,24
1848,-2,24
1849,-1,25
1850,1,25
1851,2,25
1852,3,25
1853,4,25
1854,5,25
1855,6,25
1856,7,25
1857,8,25
1858,9,25
1859,10,25
1860,11,25
1861,12,25
1862,13,25
1863,14,25
1864,15,25
1865,16,25
1866,17,25
1867,18,25
1868,19,25
1869,20,25
1870,21,25
1871,22,25
1872,23,25
1873,24,25
1874,25,25
1875,26,25
1876,27,25
1877,28,25
1878,29,25
1879,30,25
1880,31,25
1881,32,25
1882,33,25
1883,34,25
1884,35,25
1885,36,25
1886,37,25
1887,38,25
1888,39,25
1889,40,25
1890,41,25
1891,42,25
1892,43,25
1893,44,25
1894,45,25
1895,46,25
1896,47,25
1897,48,25
1898,49,25
1899,-2,25
1900,-1,26
1901,1,26
1902,2,26
1903,3,26
1904,4,26
1905,5,26
1906,6,26
1907,7,26
1908,8,26
1909,9,26
1910,10,26
1911,11,26
1912,12,26
1913,13,26
1914,14,26
1915,15,26
1916,16,26
1917,17,26
1918,18,26
1919,19,26
1920,20,26
1921,21,26
1922,22,26
1923,23,26
1924,24,26
1925,25,26
1926,26,26
1927,27,26
1928,28,26
1929,29,26
1930,30,26
1931,31,26
1932,32,26
1933,33,26
1934,34,26
1935,35,26
1936,36,26
1937,37,26
1938,38,26
1939,39,26
1940,40,26
1941,41,26
1942,42,26
1943,43,26
1944,44,26
1945,45,26
1946,46,26
1947,-2,26
1948,-1,27
1949,1,27
1950,2,27
1951,3,27
1952,4,27
1953,5,27
1954,6,27
1955,7,27
1956,8,27
1957,9,27
1958,10,27
1959,11,27
1960,12,27
1961,13,27
1962,14,27
1963,15,27
1964,16,27
1965,17,27
1966,18,27
1967,19,27
1968,20,27
1969,21,27
1970,22,27
1971,23,27
1972,24,27
1973,25,27
1974,26,27
1975,27,27
1976,28,27
1977,29,27
1978,30,27
1979,31,27
1980,32,27
1981,33,27
1982,34,27
1983,35,27
1984,36,27
1985,37,27
1986,38,27
1987,39,27
1988,40,27
1989,41,27
1990,42,27
1991,43,27
1992,-2,27
1993,-1,28
1994,1,28
1995,2,28
1996,3,28
1997,4,28
1998,5,28
1999,6,28
2000,7,28
2001,8,28
2002,9,28
2003,10,28
2004,11,28
2005,12,28
2006,13,28
2007,14,28
2008,15,28
2009,16,28
2010,17,28
2011,18,28
2012,19,28
2013,20,28
2014,21,28
2015,22,28
2016,23,28
2017,24,28
2018,25,28
2019,26,28
2020,27,28
2021,28,28
2022,29,28
2023,30,28
2024,31,28
2025,32,28
2026,33,28
2027,34,28
2028,35,28
2029,36,28
2030,37,28
2031,38,28
2032,39,28
2033,40,28
2034,41,28
2035,-2,28
2036,-1,29
2037,1,29
2038,2,29
2039,3,29
2040,4,29
2041,5,29
2042,6,29
2043,7,29
2044,8,29
2045,9,29
2046,10,29
2047,11,29
2048,12,29
2049,13,29
2050,14,29
2051,15,29
2052,16,29
2053,17,29
2054,18,29
2055,19,29
2056,20,29
2057,21,29
2058,22,29
2059,23,29
2060,24,29
2061,25,29
2062,26,29
2063,27,29
2064,28,29
2065,29,29
2066,30,29
2067,31,29
2068,32,29
2069,33,29
2070,34,29
2071,35,29
2072,36,29
2073,37,29
2074,38,29
2075,-2,29
2076,-1,30
2077,1,30
2078,2,30
2079,3,30
2080,4,30
2081,5,30
2082,6,30
2083,7,30
2084,8,30
2085,9,30
2086,10,30
2087,11,30
2088,12,30
2089,13,30
2090,14,30
2091,15,30
2092,16,30
2093,17,30
2094,18,30
2095,19,30
2096,20,30
2097,21,30
2098,22,30
2099,23,30
2100,24,30
2101,25,30
2102,26,30
2103,27,30
2104,28,30
2105,29,30
2106,30,30
2107,31,30
2108,32,30
2109,33,30
2110,34,30
2111,35,30
2112,-2,30
2113,-1,31
2114,1,31
2115,2,31
2116,3,31
2117,4,31
2118,5,31
2119,6,31
2120,7,31
2121,8,31
2122,9,31
2123,10,31
2124,11,31
2125,12,31
2126,13,31
2127,14,31
2128,15,31
2129,16,31
2130,17,31
2131,18,31
2132,19,31
2133,20,31
2134,21,31
2135,22,31
2136,23,31
2137,24,31
2138,25,31
2139,26,31
2140,27,31
2141,28,31
2142,29,31
2143,30,31
2144,31,31
2145,32,31
2146,33,31
2147,-2,31
2148,-1,32
2149,1,32
2150,2,32
2151,3,32
2152,4,32
2153,5,32
2154,6,32
2155,7,32
2156,8,32
2157,9,32
2158,10,32
2159,11,32
2160,12,32
2161,13,32
2162,14,32
2163,15,32
2164,16,32
2165,17,32
2166,18,32
2167,19,32
2168,20,32
2169,21,32
2170,22,32
2171,23,32
2172,24,32
2173,25,32
2174,26,32
2175,27,32
2176,28,32
2177,29,32
2178,30,32
2179,-2,32
2180,-1,33
2181,1,33
2182,2,33
2183,3,33
2184,4,33
2185,5,33
2186,6,33
2187,7,33
2188,8,33
2189,9,33
2190,10,33
2191,11,33
2192,12,33
2193,13,33
2194,14,33
2195,15,33
2196,16,33
2197,17,33
2198,18,33
2199,19,33
2200,20,33
2201,21,33
2202,22,33
2203,23,33
2204,24,33
2205,25,33
2206,26,33
2207,27,33
2208,-2,33
2209,-1,34
2210,1,34
2211,2,34
2212,3,34
2213,4,34
2214,5,34
2215,6,34
2216,7,34
2217,8,34
2218,9,34
2219,10,34
2220,11,34
2221,12,34
2222,13,34
2223,14,34
2224,15,34
2225,16,34
2226,17,34
2227,18,34
2228,19,34
2229,20,34
2230,21,34
2231,22,34
2232,23,34
2233,24,34
2234,25,34
2235,-2,34
2236,-1,35
2237,1,35
2238,2,35
2239,3,35
2240,4,35
2241,5,35
2242,6,35
2243,7,35
2244,8,35
2245,9,35
2246,10,35
2247,11,35
2248,12,35
2249,13,35
2250,14,35
2251,15,35
2252,16,35
2253,17,35
2254,18,35
2255,19,35
2256,20,35
2257,21,35
2258,22,35
2259,-2,35
2260,-1,36
2261,1,36
2262,2,36
2263,3,36
2264,4,36
2265,5,36
2266,6,36
2267,7,36
2268,8,36
2269,9,36
2270,10,36
2271,11,36
2272,12,36
2273,13,36
2274,14,36
2275,15,36
2276,16,36
2277,17,36
2278,18,36
2279,19,36
2280,-2,36
2281,-1,37
2282,1,37
2283,2,37
2284,3,37
2285,4,37
2286,5,37
2287,6,37
2288,7,37
2289,8,37
2290,9,37
2291,10,37
2292,11,37
2293,12,37
2294,13,37
2295,14,37
2296,15,37
2297,16,37
2298,17,37
2299,-2,37
2300,-1,38
2301,1,38
2302,2,38
2303,3,38
2304,4,38
2305,5,38
2306,6,38
2307,7,38
2308,8,38
2309,9,38
2310,10,38
2311,11,38
2312,12,38
2313,13,38
2314,14,38
2315,-2,38
2316,-1,39
2317,1,39
2318,2,39
2319,3,39
2320,4,39
2321,5,39
2322,6,39
2323,7,39
2324,8,39
2325,9,39
2326,10,39
2327,11,39
2328,-2,39
2329,-1,40
2330,1,40
2331,2,40
2332,3,40
2333,4,40
2334,5,40
2335,6,40
2336,7,40
2337,8,40
2338,9,40
2339,-2,40
2340,-1,41
2341,1,41
2342,2,41
2343,3,41
2344,4,41
2345,5,41
2346,6,41
2347,-2,41
2348,-1,42
2349,1,42
2350,2,42
2351,3,42
2352,-2,42
2353,-1,43
2354,1,43
2355,-2,43
