Node 73,<0.000000, 0.000000, -1.696957>
Node 93,<0.000000, 0.000000, -1.696628>
Node 118,<0.000000, 0.000000, -1.696273>
Node 148,<0.000000, 0.000000, -1.695894>
Node 184,<0.000000, 0.000000, -1.695488>
Node 225,<0.000000, 0.000000, -1.695057>
Node 265,<0.000000, 0.000000, -1.694601>
Node 305,<0.000000, 0.000000, -1.694118>
Node 345,<0.000000, 0.000000, -1.693610>
Node 384,<0.000000, 0.000000, -1.693076>
Node 423,<0.000000, 0.000000, -1.692517>
Node 462,<0.000000, 0.000000, -1.691931>
Node 500,<0.000000, 0.000000, -1.691320>
Node 538,<0.000000, 0.000000, -1.690682>
Node 576,<0.000000, 0.000000, -1.690019>
Node 613,<0.000000, 0.000000, -1.689329>
Node 650,<0.000000, 0.000000, -1.688613>
Node 687,<0.000000, 0.000000, -1.687872>
Node 723,<0.000000, 0.000000, -1.687103>
Node 759,<0.000000, 0.000000, -1.686309>
Node 795,<0.000000, 0.000000, -1.685487>
Node 830,<0.000000, 0.000000, -1.684640>
Node 865,<0.000000, 0.000000, -1.683765>
Node 899,<0.000000, 0.000000, -1.682865>
Node 933,<0.000000, 0.000000, -1.681937>
Node 967,<0.000000, 0.000000, -1.680982>
Node 1000,<0.000000, 0.000000, -1.680001>
Node 1033,<0.000000, 0.000000, -1.678992>
Node 1066,<0.000000, 0.000000, -1.677956>
Node 1098,<0.000000, 0.000000, -1.676893>
Node 1130,<0.000000, 0.000000, -1.675803>
Node 1162,<0.000000, 0.000000, -1.674685>
Node 1193,<0.000000, 0.000000, -1.673539>
Node 1224,<0.000000, 0.000000, -1.672366>
Node 1255,<0.000000, 0.000000, -1.671165>
Node 1285,<0.000000, 0.000000, -1.669936>
Node 1315,<0.000000, 0.000000, -1.668679>
Node 1345,<0.000000, 0.000000, -1.667394>
Node 1374,<0.000000, 0.000000, -1.666080>
Node 1403,<0.000000, 0.000000, -1.664738>
Node 1432,<0.000000, 0.000000, -1.663368>
Node 1460,<0.000000, 0.000000, -1.661968>
Node 1488,<0.000000, 0.000000, -1.660540>
Node 1516,<0.000000, 0.000000, -1.659083>
Node 1543,<0.000000, 0.000000, -1.657596>
Node 1570,<0.000000, 0.000000, -1.656080>
Node 1597,<0.000000, 0.000000, -1.654535>
Node 1623,<0.000000, 0.000000, -1.652959>
Node 1649,<0.000000, 0.000000, -1.651354>
Node 1675,<0.000000, 0.000000, -1.649719>
Node 1700,<0.000000, 0.000000, -1.648054>
Node 1725,<0.000000, 0.000000, -1.646358>
Node 1750,<0.000000, 0.000000, -1.644632>
Node 1774,<0.000000, 0.000000, -1.642874>
Node 1798,<0.000000, 0.000000, -1.641086>
Node 1822,<0.000000, 0.000000, -1.639266>
Node 1845,<0.000000, 0.000000, -1.637415>
Node 1868,<0.000000, 0.000000, -1.635533>
Node 1891,<0.000000, 0.000000, -1.633618>
Node 1913,<0.000000, 0.000000, -1.631671>
Node 1935,<0.000000, 0.000000, -1.629692>
Node 1956,<0.000000, 0.000000, -1.627680>
Node 1977,<0.000000, 0.000000, -1.625635>
Node 1998,<0.000000, 0.000000, -1.623557>
Node 2018,<0.000000, 0.000000, -1.621446>
Node 2038,<0.000000, 0.000000, -1.619301>
Node 2058,<0.000000, 0.000000, -1.617122>
Node 2077,<0.000000, 0.000000, -1.614909>
Node 2096,<0.000000, 0.000000, -1.612661>
Node 2115,<0.000000, 0.000000, -1.610378>
Node 2133,<0.000000, 0.000000, -1.608060>
Node 2151,<0.000000, 0.000000, -1.605707>
Node 2169,<0.000000, 0.000000, -1.603318>
Node 2186,<0.000000, 0.000000, -1.600892>
Node 2203,<0.000000, 0.000000, -1.598430>
Node 2220,<0.000000, 0.000000, -1.595931>
Node 2236,<0.000000, 0.000000, -1.593395>
Node 2252,<0.000000, 0.000000, -1.590821>
Node 2268,<0.000000, 0.000000, -1.588210>
Node 2283,<0.000000, 0.000000, -1.585559>
Node 2298,<0.000000, 0.000000, -1.582870>
Node 2313,<0.000000, 0.000000, -1.580142>
Node 2327,<0.000000, 0.000000, -1.577373>
Node 2341,<0.000000, 0.000000, -1.574565>
Node 2355,<0.000000, 0.000000, -1.571716>
Node 2368,<0.000000, 0.000000, -1.568826>
Node 2381,<0.000000, 0.000000, -1.565894>
Node 2394,<0.000000, 0.000000, -1.562920>
Node 2406,<0.000000, 0.000000, -1.559903>
Node 2418,<0.000000, 0.000000, -1.556843>
Node 2430,<0.000000, 0.000000, -1.553739>
Node 2472,<0.000000, 0.000000, -1.697260>
Node 2490,<0.000000, 0.000000, -1.697865>
Node 2950,<0.000000, 0.000000, -1.696957>
Node 2970,<0.000000, 0.000000, -1.696628>
Node 2995,<0.000000, 0.000000, -1.696273>
Node 3025,<0.000000, 0.000000, -1.695894>
Node 3061,<0.000000, 0.000000, -1.695488>
Node 3102,<0.000000, 0.000000, -1.695057>
Node 3142,<0.000000, 0.000000, -1.694601>
Node 3182,<0.000000, 0.000000, -1.694118>
Node 3222,<0.000000, 0.000000, -1.693610>
Node 3261,<0.000000, 0.000000, -1.693076>
Node 3300,<0.000000, 0.000000, -1.692517>
Node 3339,<0.000000, 0.000000, -1.691931>
Node 3377,<0.000000, 0.000000, -1.691320>
Node 3415,<0.000000, 0.000000, -1.690682>
Node 3453,<0.000000, 0.000000, -1.690019>
Node 3490,<0.000000, 0.000000, -1.689329>
Node 3527,<0.000000, 0.000000, -1.688613>
Node 3564,<0.000000, 0.000000, -1.687872>
Node 3600,<0.000000, 0.000000, -1.687103>
Node 3636,<0.000000, 0.000000, -1.686309>
Node 3672,<0.000000, 0.000000, -1.685487>
Node 3707,<0.000000, 0.000000, -1.684640>
Node 3742,<0.000000, 0.000000, -1.683765>
Node 3776,<0.000000, 0.000000, -1.682865>
Node 3810,<0.000000, 0.000000, -1.681937>
Node 3844,<0.000000, 0.000000, -1.680982>
Node 3877,<0.000000, 0.000000, -1.680001>
Node 3910,<0.000000, 0.000000, -1.678992>
Node 3943,<0.000000, 0.000000, -1.677956>
Node 3975,<0.000000, 0.000000, -1.676893>
Node 4007,<0.000000, 0.000000, -1.675803>
Node 4039,<0.000000, 0.000000, -1.674685>
Node 4070,<0.000000, 0.000000, -1.673539>
Node 4101,<0.000000, 0.000000, -1.672366>
Node 4132,<0.000000, 0.000000, -1.671165>
Node 4162,<0.000000, 0.000000, -1.669936>
Node 4192,<0.000000, 0.000000, -1.668679>
Node 4222,<0.000000, 0.000000, -1.667394>
Node 4251,<0.000000, 0.000000, -1.666080>
Node 4280,<0.000000, 0.000000, -1.664738>
Node 4309,<0.000000, 0.000000, -1.663368>
Node 4337,<0.000000, 0.000000, -1.661968>
Node 4365,<0.000000, 0.000000, -1.660540>
Node 4393,<0.000000, 0.000000, -1.659083>
Node 4420,<0.000000, 0.000000, -1.657596>
Node 4447,<0.000000, 0.000000, -1.656080>
Node 4474,<0.000000, 0.000000, -1.654535>
Node 4500,<0.000000, 0.000000, -1.652959>
Node 4526,<0.000000, 0.000000, -1.651354>
Node 4552,<0.000000, 0.000000, -1.649719>
Node 4577,<0.000000, 0.000000, -1.648054>
Node 4602,<0.000000, 0.000000, -1.646358>
Node 4627,<0.000000, 0.000000, -1.644632>
Node 4651,<0.000000, 0.000000, -1.642874>
Node 4675,<0.000000, 0.000000, -1.641086>
Node 4699,<0.000000, 0.000000, -1.639266>
Node 4722,<0.000000, 0.000000, -1.637415>
Node 4745,<0.000000, 0.000000, -1.635533>
Node 4768,<0.000000, 0.000000, -1.633618>
Node 4790,<0.000000, 0.000000, -1.631671>
Node 4812,<0.000000, 0.000000, -1.629692>
Node 4833,<0.000000, 0.000000, -1.627680>
Node 4854,<0.000000, 0.000000, -1.625635>
Node 4875,<0.000000, 0.000000, -1.623557>
Node 4895,<0.000000, 0.000000, -1.621446>
Node 4915,<0.000000, 0.000000, -1.619301>
Node 4935,<0.000000, 0.000000, -1.617122>
Node 4954,<0.000000, 0.000000, -1.614909>
Node 4973,<0.000000, 0.000000, -1.612661>
Node 4992,<0.000000, 0.000000, -1.610378>
Node 5010,<0.000000, 0.000000, -1.608060>
Node 5028,<0.000000, 0.000000, -1.605707>
Node 5046,<0.000000, 0.000000, -1.603318>
Node 5063,<0.000000, 0.000000, -1.600892>
Node 5080,<0.000000, 0.000000, -1.598430>
Node 5097,<0.000000, 0.000000, -1.595931>
Node 5113,<0.000000, 0.000000, -1.593395>
Node 5129,<0.000000, 0.000000, -1.590821>
Node 5145,<0.000000, 0.000000, -1.588210>
Node 5160,<0.000000, 0.000000, -1.585559>
Node 5175,<0.000000, 0.000000, -1.582870>
Node 5190,<0.000000, 0.000000, -1.580142>
Node 5204,<0.000000, 0.000000, -1.577373>
Node 5218,<0.000000, 0.000000, -1.574565>
Node 5232,<0.000000, 0.000000, -1.571716>
Node 5245,<0.000000, 0.000000, -1.568826>
Node 5258,<0.000000, 0.000000, -1.565894>
Node 5271,<0.000000, 0.000000, -1.562920>
Node 5283,<0.000000, 0.000000, -1.559903>
Node 5295,<0.000000, 0.000000, -1.556843>
Node 5307,<0.000000, 0.000000, -1.553739>
Node 5349,<0.000000, 0.000000, -1.697260>
Node 5367,<0.000000, 0.000000, -1.697865>
Node 183,<0.000000, 0.000000, -1.782255>
Node 224,<0.000000, 0.000000, -1.781258>
Node 264,<0.000000, 0.000000, -1.780246>
Node 304,<0.000000, 0.000000, -1.779218>
Node 344,<0.000000, 0.000000, -1.778175>
Node 383,<0.000000, 0.000000, -1.777116>
Node 422,<0.000000, 0.000000, -1.776042>
Node 461,<0.000000, 0.000000, -1.774952>
Node 499,<0.000000, 0.000000, -1.773846>
Node 537,<0.000000, 0.000000, -1.772724>
Node 575,<0.000000, 0.000000, -1.771587>
Node 612,<0.000000, 0.000000, -1.770434>
Node 649,<0.000000, 0.000000, -1.769265>
Node 686,<0.000000, 0.000000, -1.768080>
Node 722,<0.000000, 0.000000, -1.766878>
Node 758,<0.000000, 0.000000, -1.765661>
Node 794,<0.000000, 0.000000, -1.764427>
Node 829,<0.000000, 0.000000, -1.763178>
Node 864,<0.000000, 0.000000, -1.761911>
Node 898,<0.000000, 0.000000, -1.760629>
Node 932,<0.000000, 0.000000, -1.759330>
Node 966,<0.000000, 0.000000, -1.758014>
Node 999,<0.000000, 0.000000, -1.756681>
Node 1032,<0.000000, 0.000000, -1.755332>
Node 1065,<0.000000, 0.000000, -1.753966>
Node 1097,<0.000000, 0.000000, -1.752584>
Node 1129,<0.000000, 0.000000, -1.751184>
Node 1161,<0.000000, 0.000000, -1.749767>
Node 1192,<0.000000, 0.000000, -1.748333>
Node 1223,<0.000000, 0.000000, -1.746882>
Node 1254,<0.000000, 0.000000, -1.745413>
Node 1284,<0.000000, 0.000000, -1.743927>
Node 1314,<0.000000, 0.000000, -1.742423>
Node 1344,<0.000000, 0.000000, -1.740902>
Node 1373,<0.000000, 0.000000, -1.739363>
Node 1402,<0.000000, 0.000000, -1.737807>
Node 1431,<0.000000, 0.000000, -1.736232>
Node 1459,<0.000000, 0.000000, -1.734640>
Node 1487,<0.000000, 0.000000, -1.733029>
Node 1515,<0.000000, 0.000000, -1.731400>
Node 1542,<0.000000, 0.000000, -1.729753>
Node 1569,<0.000000, 0.000000, -1.728087>
Node 1596,<0.000000, 0.000000, -1.726403>
Node 1622,<0.000000, 0.000000, -1.724700>
Node 1648,<0.000000, 0.000000, -1.722978>
Node 1674,<0.000000, 0.000000, -1.721238>
Node 1699,<0.000000, 0.000000, -1.719478>
Node 1724,<0.000000, 0.000000, -1.717700>
Node 1749,<0.000000, 0.000000, -1.715902>
Node 1773,<0.000000, 0.000000, -1.714084>
Node 1797,<0.000000, 0.000000, -1.712247>
Node 1821,<0.000000, 0.000000, -1.710391>
Node 1844,<0.000000, 0.000000, -1.708514>
Node 1867,<0.000000, 0.000000, -1.706618>
Node 1890,<0.000000, 0.000000, -1.704702>
Node 1912,<0.000000, 0.000000, -1.702765>
Node 1934,<0.000000, 0.000000, -1.700808>
Node 1955,<0.000000, 0.000000, -1.698831>
Node 1976,<0.000000, 0.000000, -1.696832>
Node 1997,<0.000000, 0.000000, -1.694813>
Node 2017,<0.000000, 0.000000, -1.692773>
Node 2037,<0.000000, 0.000000, -1.690712>
Node 2057,<0.000000, 0.000000, -1.688629>
Node 2076,<0.000000, 0.000000, -1.686525>
Node 2095,<0.000000, 0.000000, -1.684400>
Node 2114,<0.000000, 0.000000, -1.682252>
Node 2132,<0.000000, 0.000000, -1.680082>
Node 2150,<0.000000, 0.000000, -1.677890>
Node 2168,<0.000000, 0.000000, -1.675676>
Node 2185,<0.000000, 0.000000, -1.673439>
Node 2202,<0.000000, 0.000000, -1.671180>
Node 2219,<0.000000, 0.000000, -1.668897>
Node 2235,<0.000000, 0.000000, -1.666591>
Node 2251,<0.000000, 0.000000, -1.664261>
Node 2267,<0.000000, 0.000000, -1.661908>
Node 2282,<0.000000, 0.000000, -1.659532>
Node 2297,<0.000000, 0.000000, -1.657130>
Node 2312,<0.000000, 0.000000, -1.654705>
Node 2326,<0.000000, 0.000000, -1.652255>
Node 2340,<0.000000, 0.000000, -1.649780>
Node 2354,<0.000000, 0.000000, -1.647281>
Node 2367,<0.000000, 0.000000, -1.644756>
Node 2380,<0.000000, 0.000000, -1.642205>
Node 2393,<0.000000, 0.000000, -1.639628>
Node 2405,<0.000000, 0.000000, -1.637026>
Node 2417,<0.000000, 0.000000, -1.634397>
Node 2429,<0.000000, 0.000000, -1.631741>
Node 3060,<0.000000, 0.000000, -1.782255>
Node 3101,<0.000000, 0.000000, -1.781258>
Node 3141,<0.000000, 0.000000, -1.780246>
Node 3181,<0.000000, 0.000000, -1.779218>
Node 3221,<0.000000, 0.000000, -1.778175>
Node 3260,<0.000000, 0.000000, -1.777116>
Node 3299,<0.000000, 0.000000, -1.776042>
Node 3338,<0.000000, 0.000000, -1.774952>
Node 3376,<0.000000, 0.000000, -1.773846>
Node 3414,<0.000000, 0.000000, -1.772724>
Node 3452,<0.000000, 0.000000, -1.771587>
Node 3489,<0.000000, 0.000000, -1.770434>
Node 3526,<0.000000, 0.000000, -1.769265>
Node 3563,<0.000000, 0.000000, -1.768080>
Node 3599,<0.000000, 0.000000, -1.766878>
Node 3635,<0.000000, 0.000000, -1.765661>
Node 3671,<0.000000, 0.000000, -1.764427>
Node 3706,<0.000000, 0.000000, -1.763178>
Node 3741,<0.000000, 0.000000, -1.761911>
Node 3775,<0.000000, 0.000000, -1.760629>
Node 3809,<0.000000, 0.000000, -1.759330>
Node 3843,<0.000000, 0.000000, -1.758014>
Node 3876,<0.000000, 0.000000, -1.756681>
Node 3909,<0.000000, 0.000000, -1.755332>
Node 3942,<0.000000, 0.000000, -1.753966>
Node 3974,<0.000000, 0.000000, -1.752584>
Node 4006,<0.000000, 0.000000, -1.751184>
Node 4038,<0.000000, 0.000000, -1.749767>
Node 4069,<0.000000, 0.000000, -1.748333>
Node 4100,<0.000000, 0.000000, -1.746882>
Node 4131,<0.000000, 0.000000, -1.745413>
Node 4161,<0.000000, 0.000000, -1.743927>
Node 4191,<0.000000, 0.000000, -1.742423>
Node 4221,<0.000000, 0.000000, -1.740902>
Node 4250,<0.000000, 0.000000, -1.739363>
Node 4279,<0.000000, 0.000000, -1.737807>
Node 4308,<0.000000, 0.000000, -1.736232>
Node 4336,<0.000000, 0.000000, -1.734640>
Node 4364,<0.000000, 0.000000, -1.733029>
Node 4392,<0.000000, 0.000000, -1.731400>
Node 4419,<0.000000, 0.000000, -1.729753>
Node 4446,<0.000000, 0.000000, -1.728087>
Node 4473,<0.000000, 0.000000, -1.726403>
Node 4499,<0.000000, 0.000000, -1.724700>
Node 4525,<0.000000, 0.000000, -1.722978>
Node 4551,<0.000000, 0.000000, -1.721238>
Node 4576,<0.000000, 0.000000, -1.719478>
Node 4601,<0.000000, 0.000000, -1.717700>
Node 4626,<0.000000, 0.000000, -1.715902>
Node 4650,<0.000000, 0.000000, -1.714084>
Node 4674,<0.000000, 0.000000, -1.712247>
Node 4698,<0.000000, 0.000000, -1.710391>
Node 4721,<0.000000, 0.000000, -1.708514>
Node 4744,<0.000000, 0.000000, -1.706618>
Node 4767,<0.000000, 0.000000, -1.704702>
Node 4789,<0.000000, 0.000000, -1.702765>
Node 4811,<0.000000, 0.000000, -1.700808>
Node 4832,<0.000000, 0.000000, -1.698831>
Node 4853,<0.000000, 0.000000, -1.696832>
Node 4874,<0.000000, 0.000000, -1.694813>
Node 4894,<0.000000, 0.000000, -1.692773>
Node 4914,<0.000000, 0.000000, -1.690712>
Node 4934,<0.000000, 0.000000, -1.688629>
Node 4953,<0.000000, 0.000000, -1.686525>
Node 4972,<0.000000, 0.000000, -1.684400>
Node 4991,<0.000000, 0.000000, -1.682252>
Node 5009,<0.000000, 0.000000, -1.680082>
Node 5027,<0.000000, 0.000000, -1.677890>
Node 5045,<0.000000, 0.000000, -1.675676>
Node 5062,<0.000000, 0.000000, -1.673439>
Node 5079,<0.000000, 0.000000, -1.671180>
Node 5096,<0.000000, 0.000000, -1.668897>
Node 5112,<0.000000, 0.000000, -1.666591>
Node 5128,<0.000000, 0.000000, -1.664261>
Node 5144,<0.000000, 0.000000, -1.661908>
Node 5159,<0.000000, 0.000000, -1.659532>
Node 5174,<0.000000, 0.000000, -1.657130>
Node 5189,<0.000000, 0.000000, -1.654705>
Node 5203,<0.000000, 0.000000, -1.652255>
Node 5217,<0.000000, 0.000000, -1.649780>
Node 5231,<0.000000, 0.000000, -1.647281>
Node 5244,<0.000000, 0.000000, -1.644756>
Node 5257,<0.000000, 0.000000, -1.642205>
Node 5270,<0.000000, 0.000000, -1.639628>
Node 5282,<0.000000, 0.000000, -1.637026>
Node 5294,<0.000000, 0.000000, -1.634397>
Node 5306,<0.000000, 0.000000, -1.631741>
