Node 50,<0.000000, 0.000000, -1660.281737>
Node 52,<0.000000, 0.000000, -1656.313235>
Node 64,<0.000000, 0.000000, -1651.368198>
Node 96,<0.000000, 0.000000, -1650.979633>
Node 127,<0.000000, 0.000000, -1650.586053>
Node 158,<0.000000, 0.000000, -1650.187450>
Node 189,<0.000000, 0.000000, -1649.783817>
Node 220,<0.000000, 0.000000, -1649.375147>
Node 250,<0.000000, 0.000000, -1648.961432>
Node 280,<0.000000, 0.000000, -1648.542664>
Node 310,<0.000000, 0.000000, -1648.118835>
Node 340,<0.000000, 0.000000, -1647.689938>
Node 370,<0.000000, 0.000000, -1647.255965>
Node 399,<0.000000, 0.000000, -1646.816907>
Node 428,<0.000000, 0.000000, -1646.372757>
Node 457,<0.000000, 0.000000, -1645.923505>
Node 486,<0.000000, 0.000000, -1645.469144>
Node 515,<0.000000, 0.000000, -1645.009665>
Node 543,<0.000000, 0.000000, -1644.545059>
Node 571,<0.000000, 0.000000, -1644.075317>
Node 599,<0.000000, 0.000000, -1643.600431>
Node 627,<0.000000, 0.000000, -1643.120390>
Node 654,<0.000000, 0.000000, -1642.635188>
Node 681,<0.000000, 0.000000, -1642.144813>
Node 708,<0.000000, 0.000000, -1641.649256>
Node 735,<0.000000, 0.000000, -1641.148509>
Node 762,<0.000000, 0.000000, -1640.642560>
Node 788,<0.000000, 0.000000, -1640.131402>
Node 814,<0.000000, 0.000000, -1639.615023>
Node 840,<0.000000, 0.000000, -1639.093413>
Node 866,<0.000000, 0.000000, -1638.566563>
Node 892,<0.000000, 0.000000, -1638.034462>
Node 917,<0.000000, 0.000000, -1637.497099>
Node 942,<0.000000, 0.000000, -1636.954465>
Node 967,<0.000000, 0.000000, -1636.406548>
Node 992,<0.000000, 0.000000, -1635.853338>
Node 1016,<0.000000, 0.000000, -1635.294823>
Node 1040,<0.000000, 0.000000, -1634.730993>
Node 1064,<0.000000, 0.000000, -1634.161837>
Node 1088,<0.000000, 0.000000, -1633.587342>
Node 1112,<0.000000, 0.000000, -1633.007498>
Node 1135,<0.000000, 0.000000, -1632.422292>
Node 1158,<0.000000, 0.000000, -1631.831714>
Node 1181,<0.000000, 0.000000, -1631.235751>
Node 1204,<0.000000, 0.000000, -1630.634391>
Node 1227,<0.000000, 0.000000, -1630.027621>
Node 1249,<0.000000, 0.000000, -1629.415430>
Node 1271,<0.000000, 0.000000, -1628.797805>
Node 1293,<0.000000, 0.000000, -1628.174734>
Node 1315,<0.000000, 0.000000, -1627.546202>
Node 1337,<0.000000, 0.000000, -1626.912198>
Node 1358,<0.000000, 0.000000, -1626.272709>
Node 1379,<0.000000, 0.000000, -1625.627720>
Node 1400,<0.000000, 0.000000, -1624.977220>
Node 1421,<0.000000, 0.000000, -1624.321193>
Node 1441,<0.000000, 0.000000, -1623.659626>
Node 1461,<0.000000, 0.000000, -1622.992506>
Node 1481,<0.000000, 0.000000, -1622.319818>
Node 1501,<0.000000, 0.000000, -1621.641548>
Node 1521,<0.000000, 0.000000, -1620.957682>
Node 1540,<0.000000, 0.000000, -1620.268204>
Node 1559,<0.000000, 0.000000, -1619.573101>
Node 1578,<0.000000, 0.000000, -1618.872357>
Node 1597,<0.000000, 0.000000, -1618.165957>
Node 1616,<0.000000, 0.000000, -1617.453886>
Node 1634,<0.000000, 0.000000, -1616.736129>
Node 1652,<0.000000, 0.000000, -1616.012669>
Node 1670,<0.000000, 0.000000, -1615.283492>
Node 1688,<0.000000, 0.000000, -1614.548580>
Node 1705,<0.000000, 0.000000, -1613.807918>
Node 1722,<0.000000, 0.000000, -1613.061489>
Node 1739,<0.000000, 0.000000, -1612.309277>
Node 1756,<0.000000, 0.000000, -1611.551266>
Node 1773,<0.000000, 0.000000, -1610.787437>
Node 1789,<0.000000, 0.000000, -1610.017774>
Node 1805,<0.000000, 0.000000, -1609.242259>
Node 1821,<0.000000, 0.000000, -1608.460876>
Node 1837,<0.000000, 0.000000, -1607.673606>
Node 1853,<0.000000, 0.000000, -1606.880431>
Node 1868,<0.000000, 0.000000, -1606.081333>
Node 1883,<0.000000, 0.000000, -1605.276293>
Node 1898,<0.000000, 0.000000, -1604.465294>
Node 1913,<0.000000, 0.000000, -1603.648316>
Node 1946,<0.000000, 0.000000, -1666.149877>
Node 2348,<0.000000, 0.000000, -1660.281737>
Node 2350,<0.000000, 0.000000, -1656.313235>
Node 2362,<0.000000, 0.000000, -1651.368198>
Node 2394,<0.000000, 0.000000, -1650.979633>
Node 2425,<0.000000, 0.000000, -1650.586053>
Node 2456,<0.000000, 0.000000, -1650.187450>
Node 2487,<0.000000, 0.000000, -1649.783817>
Node 2518,<0.000000, 0.000000, -1649.375147>
Node 2548,<0.000000, 0.000000, -1648.961432>
Node 2578,<0.000000, 0.000000, -1648.542664>
Node 2608,<0.000000, 0.000000, -1648.118835>
Node 2638,<0.000000, 0.000000, -1647.689938>
Node 2668,<0.000000, 0.000000, -1647.255965>
Node 2697,<0.000000, 0.000000, -1646.816907>
Node 2726,<0.000000, 0.000000, -1646.372757>
Node 2755,<0.000000, 0.000000, -1645.923505>
Node 2784,<0.000000, 0.000000, -1645.469144>
Node 2813,<0.000000, 0.000000, -1645.009665>
Node 2841,<0.000000, 0.000000, -1644.545059>
Node 2869,<0.000000, 0.000000, -1644.075317>
Node 2897,<0.000000, 0.000000, -1643.600431>
Node 2925,<0.000000, 0.000000, -1643.120390>
Node 2952,<0.000000, 0.000000, -1642.635188>
Node 2979,<0.000000, 0.000000, -1642.144813>
Node 3006,<0.000000, 0.000000, -1641.649256>
Node 3033,<0.000000, 0.000000, -1641.148509>
Node 3060,<0.000000, 0.000000, -1640.642560>
Node 3086,<0.000000, 0.000000, -1640.131402>
Node 3112,<0.000000, 0.000000, -1639.615023>
Node 3138,<0.000000, 0.000000, -1639.093413>
Node 3164,<0.000000, 0.000000, -1638.566563>
Node 3190,<0.000000, 0.000000, -1638.034462>
Node 3215,<0.000000, 0.000000, -1637.497099>
Node 3240,<0.000000, 0.000000, -1636.954465>
Node 3265,<0.000000, 0.000000, -1636.406548>
Node 3290,<0.000000, 0.000000, -1635.853338>
Node 3314,<0.000000, 0.000000, -1635.294823>
Node 3338,<0.000000, 0.000000, -1634.730993>
Node 3362,<0.000000, 0.000000, -1634.161837>
Node 3386,<0.000000, 0.000000, -1633.587342>
Node 3410,<0.000000, 0.000000, -1633.007498>
Node 3433,<0.000000, 0.000000, -1632.422292>
Node 3456,<0.000000, 0.000000, -1631.831714>
Node 3479,<0.000000, 0.000000, -1631.235751>
Node 3502,<0.000000, 0.000000, -1630.634391>
Node 3525,<0.000000, 0.000000, -1630.027621>
Node 3547,<0.000000, 0.000000, -1629.415430>
Node 3569,<0.000000, 0.000000, -1628.797805>
Node 3591,<0.000000, 0.000000, -1628.174734>
Node 3613,<0.000000, 0.000000, -1627.546202>
Node 3635,<0.000000, 0.000000, -1626.912198>
Node 3656,<0.000000, 0.000000, -1626.272709>
Node 3677,<0.000000, 0.000000, -1625.627720>
Node 3698,<0.000000, 0.000000, -1624.977220>
Node 3719,<0.000000, 0.000000, -1624.321193>
Node 3739,<0.000000, 0.000000, -1623.659626>
Node 3759,<0.000000, 0.000000, -1622.992506>
Node 3779,<0.000000, 0.000000, -1622.319818>
Node 3799,<0.000000, 0.000000, -1621.641548>
Node 3819,<0.000000, 0.000000, -1620.957682>
Node 3838,<0.000000, 0.000000, -1620.268204>
Node 3857,<0.000000, 0.000000, -1619.573101>
Node 3876,<0.000000, 0.000000, -1618.872357>
Node 3895,<0.000000, 0.000000, -1618.165957>
Node 3914,<0.000000, 0.000000, -1617.453886>
Node 3932,<0.000000, 0.000000, -1616.736129>
Node 3950,<0.000000, 0.000000, -1616.012669>
Node 3968,<0.000000, 0.000000, -1615.283492>
Node 3986,<0.000000, 0.000000, -1614.548580>
Node 4003,<0.000000, 0.000000, -1613.807918>
Node 4020,<0.000000, 0.000000, -1613.061489>
Node 4037,<0.000000, 0.000000, -1612.309277>
Node 4054,<0.000000, 0.000000, -1611.551266>
Node 4071,<0.000000, 0.000000, -1610.787437>
Node 4087,<0.000000, 0.000000, -1610.017774>
Node 4103,<0.000000, 0.000000, -1609.242259>
Node 4119,<0.000000, 0.000000, -1608.460876>
Node 4135,<0.000000, 0.000000, -1607.673606>
Node 4151,<0.000000, 0.000000, -1606.880431>
Node 4166,<0.000000, 0.000000, -1606.081333>
Node 4181,<0.000000, 0.000000, -1605.276293>
Node 4196,<0.000000, 0.000000, -1604.465294>
Node 4211,<0.000000, 0.000000, -1603.648316>
Node 4244,<0.000000, 0.000000, -1666.149877>
Node 63,<0.000000, 0.000000, -1727.478941>
Node 95,<0.000000, 0.000000, -1727.338078>
Node 126,<0.000000, 0.000000, -1727.187126>
Node 157,<0.000000, 0.000000, -1727.026080>
Node 188,<0.000000, 0.000000, -1726.854933>
Node 219,<0.000000, 0.000000, -1726.673681>
Node 249,<0.000000, 0.000000, -1726.482316>
Node 279,<0.000000, 0.000000, -1726.280833>
Node 309,<0.000000, 0.000000, -1726.069223>
Node 339,<0.000000, 0.000000, -1725.847479>
Node 369,<0.000000, 0.000000, -1725.615594>
Node 398,<0.000000, 0.000000, -1725.373559>
Node 427,<0.000000, 0.000000, -1725.121366>
Node 456,<0.000000, 0.000000, -1724.859006>
Node 485,<0.000000, 0.000000, -1724.586469>
Node 514,<0.000000, 0.000000, -1724.303746>
Node 542,<0.000000, 0.000000, -1724.010827>
Node 570,<0.000000, 0.000000, -1723.707702>
Node 598,<0.000000, 0.000000, -1723.394358>
Node 626,<0.000000, 0.000000, -1723.070787>
Node 653,<0.000000, 0.000000, -1722.736975>
Node 680,<0.000000, 0.000000, -1722.392911>
Node 707,<0.000000, 0.000000, -1722.038582>
Node 734,<0.000000, 0.000000, -1721.673977>
Node 761,<0.000000, 0.000000, -1721.299081>
Node 787,<0.000000, 0.000000, -1720.913881>
Node 813,<0.000000, 0.000000, -1720.518364>
Node 839,<0.000000, 0.000000, -1720.112514>
Node 865,<0.000000, 0.000000, -1719.696318>
Node 891,<0.000000, 0.000000, -1719.269760>
Node 916,<0.000000, 0.000000, -1718.832825>
Node 941,<0.000000, 0.000000, -1718.385496>
Node 966,<0.000000, 0.000000, -1717.927758>
Node 991,<0.000000, 0.000000, -1717.459593>
Node 1015,<0.000000, 0.000000, -1716.980985>
Node 1039,<0.000000, 0.000000, -1716.491916>
Node 1063,<0.000000, 0.000000, -1715.992367>
Node 1087,<0.000000, 0.000000, -1715.482321>
Node 1111,<0.000000, 0.000000, -1714.961759>
Node 1134,<0.000000, 0.000000, -1714.430661>
Node 1157,<0.000000, 0.000000, -1713.889007>
Node 1180,<0.000000, 0.000000, -1713.336777>
Node 1203,<0.000000, 0.000000, -1712.773951>
Node 1226,<0.000000, 0.000000, -1712.200508>
Node 1248,<0.000000, 0.000000, -1711.616426>
Node 1270,<0.000000, 0.000000, -1711.021682>
Node 1292,<0.000000, 0.000000, -1710.416255>
Node 1314,<0.000000, 0.000000, -1709.800122>
Node 1336,<0.000000, 0.000000, -1709.173258>
Node 1357,<0.000000, 0.000000, -1708.535641>
Node 1378,<0.000000, 0.000000, -1707.887246>
Node 1399,<0.000000, 0.000000, -1707.228047>
Node 1420,<0.000000, 0.000000, -1706.558020>
Node 1440,<0.000000, 0.000000, -1705.877139>
Node 1460,<0.000000, 0.000000, -1705.185377>
Node 1480,<0.000000, 0.000000, -1704.482708>
Node 1500,<0.000000, 0.000000, -1703.769104>
Node 1520,<0.000000, 0.000000, -1703.044537>
Node 1539,<0.000000, 0.000000, -1702.308978>
Node 1558,<0.000000, 0.000000, -1701.562400>
Node 1577,<0.000000, 0.000000, -1700.804772>
Node 1596,<0.000000, 0.000000, -1700.036064>
Node 1615,<0.000000, 0.000000, -1699.256246>
Node 1633,<0.000000, 0.000000, -1698.465286>
Node 1651,<0.000000, 0.000000, -1697.663153>
Node 1669,<0.000000, 0.000000, -1696.849814>
Node 1687,<0.000000, 0.000000, -1696.025237>
Node 1704,<0.000000, 0.000000, -1695.189389>
Node 1721,<0.000000, 0.000000, -1694.342234>
Node 1738,<0.000000, 0.000000, -1693.483739>
Node 1755,<0.000000, 0.000000, -1692.613868>
Node 1772,<0.000000, 0.000000, -1691.732585>
Node 1788,<0.000000, 0.000000, -1690.839854>
Node 1804,<0.000000, 0.000000, -1689.935638>
Node 1820,<0.000000, 0.000000, -1689.019899>
Node 1836,<0.000000, 0.000000, -1688.092598>
Node 1852,<0.000000, 0.000000, -1687.153697>
Node 1867,<0.000000, 0.000000, -1686.203156>
Node 1882,<0.000000, 0.000000, -1685.240933>
Node 1897,<0.000000, 0.000000, -1684.266989>
Node 1912,<0.000000, 0.000000, -1683.281281>
Node 2361,<0.000000, 0.000000, -1727.478941>
Node 2393,<0.000000, 0.000000, -1727.338078>
Node 2424,<0.000000, 0.000000, -1727.187126>
Node 2455,<0.000000, 0.000000, -1727.026080>
Node 2486,<0.000000, 0.000000, -1726.854933>
Node 2517,<0.000000, 0.000000, -1726.673681>
Node 2547,<0.000000, 0.000000, -1726.482316>
Node 2577,<0.000000, 0.000000, -1726.280833>
Node 2607,<0.000000, 0.000000, -1726.069223>
Node 2637,<0.000000, 0.000000, -1725.847479>
Node 2667,<0.000000, 0.000000, -1725.615594>
Node 2696,<0.000000, 0.000000, -1725.373559>
Node 2725,<0.000000, 0.000000, -1725.121366>
Node 2754,<0.000000, 0.000000, -1724.859006>
Node 2783,<0.000000, 0.000000, -1724.586469>
Node 2812,<0.000000, 0.000000, -1724.303746>
Node 2840,<0.000000, 0.000000, -1724.010827>
Node 2868,<0.000000, 0.000000, -1723.707702>
Node 2896,<0.000000, 0.000000, -1723.394358>
Node 2924,<0.000000, 0.000000, -1723.070787>
Node 2951,<0.000000, 0.000000, -1722.736975>
Node 2978,<0.000000, 0.000000, -1722.392911>
Node 3005,<0.000000, 0.000000, -1722.038582>
Node 3032,<0.000000, 0.000000, -1721.673977>
Node 3059,<0.000000, 0.000000, -1721.299081>
Node 3085,<0.000000, 0.000000, -1720.913881>
Node 3111,<0.000000, 0.000000, -1720.518364>
Node 3137,<0.000000, 0.000000, -1720.112514>
Node 3163,<0.000000, 0.000000, -1719.696318>
Node 3189,<0.000000, 0.000000, -1719.269760>
Node 3214,<0.000000, 0.000000, -1718.832825>
Node 3239,<0.000000, 0.000000, -1718.385496>
Node 3264,<0.000000, 0.000000, -1717.927758>
Node 3289,<0.000000, 0.000000, -1717.459593>
Node 3313,<0.000000, 0.000000, -1716.980985>
Node 3337,<0.000000, 0.000000, -1716.491916>
Node 3361,<0.000000, 0.000000, -1715.992367>
Node 3385,<0.000000, 0.000000, -1715.482321>
Node 3409,<0.000000, 0.000000, -1714.961759>
Node 3432,<0.000000, 0.000000, -1714.430661>
Node 3455,<0.000000, 0.000000, -1713.889007>
Node 3478,<0.000000, 0.000000, -1713.336777>
Node 3501,<0.000000, 0.000000, -1712.773951>
Node 3524,<0.000000, 0.000000, -1712.200508>
Node 3546,<0.000000, 0.000000, -1711.616426>
Node 3568,<0.000000, 0.000000, -1711.021682>
Node 3590,<0.000000, 0.000000, -1710.416255>
Node 3612,<0.000000, 0.000000, -1709.800122>
Node 3634,<0.000000, 0.000000, -1709.173258>
Node 3655,<0.000000, 0.000000, -1708.535641>
Node 3676,<0.000000, 0.000000, -1707.887246>
Node 3697,<0.000000, 0.000000, -1707.228047>
Node 3718,<0.000000, 0.000000, -1706.558020>
Node 3738,<0.000000, 0.000000, -1705.877139>
Node 3758,<0.000000, 0.000000, -1705.185377>
Node 3778,<0.000000, 0.000000, -1704.482708>
Node 3798,<0.000000, 0.000000, -1703.769104>
Node 3818,<0.000000, 0.000000, -1703.044537>
Node 3837,<0.000000, 0.000000, -1702.308978>
Node 3856,<0.000000, 0.000000, -1701.562400>
Node 3875,<0.000000, 0.000000, -1700.804772>
Node 3894,<0.000000, 0.000000, -1700.036064>
Node 3913,<0.000000, 0.000000, -1699.256246>
Node 3931,<0.000000, 0.000000, -1698.465286>
Node 3949,<0.000000, 0.000000, -1697.663153>
Node 3967,<0.000000, 0.000000, -1696.849814>
Node 3985,<0.000000, 0.000000, -1696.025237>
Node 4002,<0.000000, 0.000000, -1695.189389>
Node 4019,<0.000000, 0.000000, -1694.342234>
Node 4036,<0.000000, 0.000000, -1693.483739>
Node 4053,<0.000000, 0.000000, -1692.613868>
Node 4070,<0.000000, 0.000000, -1691.732585>
Node 4086,<0.000000, 0.000000, -1690.839854>
Node 4102,<0.000000, 0.000000, -1689.935638>
Node 4118,<0.000000, 0.000000, -1689.019899>
Node 4134,<0.000000, 0.000000, -1688.092598>
Node 4150,<0.000000, 0.000000, -1687.153697>
Node 4165,<0.000000, 0.000000, -1686.203156>
Node 4180,<0.000000, 0.000000, -1685.240933>
Node 4195,<0.000000, 0.000000, -1684.266989>
Node 4210,<0.000000, 0.000000, -1683.281281>
